,Accuracy,F1Score,Precision,Recall,SumMetric
ModelFreeApproach,0.5369127516778524,0.1375,1.0,0.0738255033557047,0.5097063758389262
LenDigLearn/formality-classifier-mdeberta-v3-base,0.5,0.6666666666666666,0.5,1.0,0.65
